[Trial],[loss] 
1,0.08883937389127496
2,0.08768990435138203
3,0.1142974776909274
4,0.0921012869614395
