[RowNum],[loss] 
1,4.151869886650716
2,3.0507414382660056
3,2.3990974442857245
4,4.6493561594263255
5,7.204733767774432
6,6.224094191545698
7,9.46941905356278
8,2.7389898015162073
9,3.169610103837784
10,4.39620237610579
11,2.398600747287065
12,4.5124335489799074
13,3.78108191164489
14,4.1399349636122045
15,7.64284503089344
16,1.9069447975301015
17,2.0730288463551467
18,2.702213364543835
19,1.6521255453990724
20,3.0341841137653667
21,3.7031365894648642
