[Trial],[loss] 
1,0.0396176490965106
2,0.0396176490965106
3,0.0620790380239623
4,0.09426920851950128
5,0.08350059888084756
6,0.055428584496470576
7,0.08775390581871251
8,0.16932839233008848
9,0.14015202973329205
10,0.11710555947898078
11,0.05601451951595651
12,0.08140318285148274
13,0.08668981076280997
14,0.06244065001087229
