[Trial],[loss] 
1,0.04143376696318468
2,0.04143376696318468
3,0.07418732975940477
4,0.07846314572829402
